"sku","datasheet_url"
DA4120-0050,MISSING
DA4120-0060,MISSING
DA4120-0070,MISSING
DA4120-0080,MISSING
DA4120-0090,MISSING
DA4120-0100,MISSING
DA4120-0110,MISSING
DA4120-0120,MISSING
DA4140-0050,MISSING
DA4140-0060,MISSING
DA4140-0070,MISSING
DA4140-0080,MISSING
DA4140-0090,MISSING
DA4140-0100,MISSING
DA4140-0110,MISSING
DA4140-0120,MISSING
DA4140-0150,MISSING
DA4160-0035-A,MISSING
DA4160-0040-A,MISSING
DA4160-0045-A,MISSING
DA4160-0050-A,MISSING
DA4160-0055-A,MISSING
DA4160-0060-A,MISSING
DA4160-0065-A,MISSING
DA4160-0070-A,MISSING
DA4160-0080-A,MISSING
DA4160-0090-A,MISSING
DA4160-0100-A,MISSING
DA4190-0060-4,DA4190-4.pdf
DA4190-0100-4,DA4190-4.pdf
DA5321-0030,DA5321.pdf
DA5321-0035,DA5321.pdf
DA5321-0040,DA5321.pdf
DA5321-0045,DA5321.pdf
DA5321-0050,DA5321.pdf
DA5321-0055,DA5321.pdf
DA5321-0060,DA5321.pdf
DA5321-0065,DA5321.pdf
DA5321-0070,DA5321.pdf
DA5321-0080,DA5321.pdf
DB1234-0035-2,"1234-2.pdf"
DB1234-0040-2,"1234-2.pdf"
DB1234-0045-2,"1234-2.pdf"
DB1234-0050-2,"1234-2.pdf"
DB1234-0055-2,"1234-2.pdf"
DB1234-0060-2,"1234-2.pdf"
DB1321-0040-2,"1321-2.pdf"
DB1321-0045-2,"1321-2.pdf"
DB1321-0050-2,"1321-2.pdf"
DB1321-0055-2,"1321-2.pdf"
DB1321-0060-2,"1321-2.pdf"
DB1321-0065-2,"1321-2.pdf"
DB1321-0070-2,"1321-2.pdf"
DB1432-0030-2,"1432-2.pdf"
DB1432-0035-2,"1432-2.pdf"
DB1432-0040-2,"1432-2.pdf"
DB1432-0045-2,"1432-2.pdf"
DB1432-0050-2,"1432-2.pdf"
DB1432-0055-2,"1432-2.pdf"
DB1432-0060-2,"1432-2.pdf"
DB1432-0065-2,"1432-2.pdf"
DB1432-0070-2,"1432-2.pdf"
DB2132-0025,"2132.pdf"
DB2132-0030,"2132.pdf"
DB2132-0035,"2132.pdf"
DB2132-0040,"2132.pdf"
DB2132-0045,"2132.pdf"
DB2132-0050,"2132.pdf"
DB2132-0055,"2132.pdf"
DB2132-0060,"2132.pdf"
DB2132-0065,"2132.pdf"
DB2132-0070,"2132.pdf"
DB3630-0030,"3630.pdf"
DB3630-0035,"3630.pdf"
DB3630-0040,"3630.pdf"
DB3630-0045,"3630.pdf"
DB3630-0050,"3630.pdf"
DB3630-0055,"3630.pdf"
DB3630-0060,"3630.pdf"
DB3630-0070,"3630.pdf"
DB3832-0015,"3832.pdf"
DB3832-0020,"3832.pdf"
DB3832-0025,"3832.pdf"
DB3832-0030,"3832.pdf"
DB3832-0035,"3832.pdf"
DB3832-0040,"3832.pdf"
DB3832-0045,"3832.pdf"
DB3832-0050,"3832.pdf"
DB3832-0055,"3832.pdf"
DB3832-0060,"3832.pdf"
DB3832-0065,"3832.pdf"
DB3832-0070,"3832.pdf"
DB3832-0035EC-B,"3832EC-B.pdf"
DB3832-0040EC-B,"3832EC-B.pdf"
DB3832-0045EC-B,"3832EC-B.pdf"
DB3832-0050EC-B,"3832EC-B.pdf"
DB3832-0055EC-B,"3832EC-B.pdf"
DB3832-0060EC-B,"3832EC-B.pdf"
DB3832-0065EC-B,"3832EC-B.pdf"
DB3832-0070EC-B,"3832EC-B.pdf"
DB3832-0030SC,"3832SC.pdf"
DB3832-0035SC,"3832SC.pdf"
DB3832-0040SC,"3832SC.pdf"
DB3832-0045SC,"3832SC.pdf"
DB3832-0050SC,"3832SC.pdf"
DB3832-0055SC,"3832SC.pdf"
DB3832-0060SC,"3832SC.pdf"
DB3832-0065SC,"3832SC.pdf"
DB3832-0035TR,"3832TR.pdf"
DB3832-0040TR,"3832TR.pdf"
DB3832-0045TR,"3832TR.pdf"
DB3832-0050TR,"3832TR.pdf"
DB3832-0055TR,"3832TR.pdf"
DB3832-0060TR,"3832TR.pdf"
DB3832-0065TR,"3832TR.pdf"
DB3832-0070TR,"3832TR.pdf"
DH3832-0015,DH3832.pdf
DH3832-0020,DH3832.pdf
DH3832-0025,DH3832.pdf
DH3832-0030,DH3832.pdf
DH3832-0035,DH3832.pdf
DH3832-0040,DH3832.pdf
DH3832-0045,DH3832.pdf
DH3832-0050,DH3832.pdf
DH3832-0055,DH3832.pdf
DH3832-0060,DH3832.pdf
DH3832-0065,DH3832.pdf
DH3832-0070,DH3832.pdf
DP9301-0010U-E,DP9301U-E.pdf
DP9301-0012U-E,DP9301U-E.pdf
DP9301-0014U-E,DP9301U-E.pdf
DP9301-0016U-E,DP9301U-E.pdf
DP9301-0018U-E,DP9301U-E.pdf
DP9301-0020U-E,DP9301U-E.pdf
DP9301-0022U-E,DP9301U-E.pdf
DP9301-0024U-E,DP9301U-E.pdf
DP9301-0026U-E,DP9301U-E.pdf
DP9301-0028U-E,DP9301U-E.pdf
DP9301-0030U-E,DP9301U-E.pdf
DP9301-0032U-E,DP9301U-E.pdf
DP9301-0034U-E,DP9301U-E.pdf
DP9301-0036U-E,DP9301U-E.pdf
DP9301-0040U-E,DP9301U-E.pdf
DP9301-0042U-E,DP9301U-E.pdf
DP9301-0044U-E,DP9301U-E.pdf
DP9301-0048U-E,DP9301U-E.pdf
DS0305-0014,MISSING
DS0305-0016,MISSING
DS0305-0018,MISSING
DS0305-0020,MISSING
DS0305-0022,MISSING
DS0305-0024,MISSING
DS0305-0026,MISSING
DS0305-0028,MISSING
DS0330-0035,MISSING
DS0330-0040,MISSING
DS0330-0045,MISSING
DS0330-0050,MISSING
DS0330-0055,MISSING
DS0330-0060,MISSING
DS0330-0070,MISSING
DS2028-0030,DS2028.pdf
DS2028-0035,DS2028.pdf
DS2028-0040,DS2028.pdf
DS2028-0045,DS2028.pdf
DS2028-0050,DS2028.pdf
DS2028-0055,DS2028.pdf
DS2028-0060,DS2028.pdf
DS2028-0065,DS2028.pdf
DS2028-0070,DS2028.pdf
DS2728-0030,MISSING
DS2728-0035,MISSING
DS2728-0040,MISSING
DS2728-0045,MISSING
DS2728-0050,MISSING
DS3031-0035,MISSING
DS3031-0040,MISSING
DS3031-0045,MISSING
DS3031-0050,MISSING
DS3031-0055,MISSING
DS3031-0060,MISSING
DS3031-0065,MISSING
DS3031-0070,MISSING
DS3557-0014,MISSING
DS3557-0016,MISSING
DS3557-0018,MISSING
DS3557-0020,MISSING
DS3557-0022,MISSING
DS3557-0024,MISSING
DS3557-0026,MISSING
DS5321-0030,DS5321.pdf
DS5321-0035,DS5321.pdf
DS5321-0040,DS5321.pdf
DS5321-0045,DS5321.pdf
DS5321-0050,DS5321.pdf
DS5321-0055,DS5321.pdf
DS5321-0060,DS5321.pdf
DS5321-0070,DS5321.pdf
DS5321-0080,DS5321.pdf
DS5322-0030-2,DS5322-2.pdf
DS5322-0035-2,DS5322-2.pdf
DS5322-0040-2,DS5322-2.pdf
DS5322-0045-2,DS5322-2.pdf
DS5322-0050-2,DS5322-2.pdf
DS5322-0055-2,DS5322-2.pdf
DS5322-0060-2,DS5322-2.pdf
DS5322-0070-2,DS5322-2.pdf
DS5322-0080-2,DS5322-2.pdf
DW3832-0015,"3832.pdf"
DW3832-0020,"3832.pdf"
DW3832-0025,"3832.pdf"
DW3832-0030,"3832.pdf"
DW3832-0035,"3832.pdf"
DW3832-0040,"3832.pdf"
DW3832-0045,"3832.pdf"
DW3832-0050,"3832.pdf"
DW3832-0055,"3832.pdf"
DW3832-0060,"3832.pdf"
DW3832-0065,"3832.pdf"
DW3832-0070,"3832.pdf"
DW3832-0030SC,"3832SC.pdf"
DW3832-0035SC,"3832SC.pdf"
DW3832-0040SC,"3832SC.pdf"
DW3832-0045SC,"3832SC.pdf"
DW3832-0050SC,"3832SC.pdf"
DW3832-0055SC,"3832SC.pdf"
DW3832-0060SC,"3832SC.pdf"
DW3832-0065SC,"3832SC.pdf"
DW3832-0030TR,"3832TR.pdf"
DW3832-0035TR,"3832TR.pdf"
DW3832-0040TR,"3832TR.pdf"
DW3832-0045TR,"3832TR.pdf"
DW3832-0050TR,"3832TR.pdf"
DW3832-0055TR,"3832TR.pdf"
DW3832-0060TR,"3832TR.pdf"
DW3832-0065TR,"3832TR.pdf"
DW3832-0070TR,"3832TR.pdf"
DZ0115-0035RS,MISSING
DZ0115-0040RS,MISSING
DZ0115-0045RS,MISSING
DZ0115-0050RS,MISSING
DZ0115-0055RS,MISSING
DZ0115-0060RS,MISSING
DZ0115-0065RS,MISSING
DZ0115-0070RS,MISSING
DZ0115-0080RS,MISSING
DZ0115-0090RS,MISSING
DZ0115-0100RS,MISSING
DZ0201-0014,MISSING
DZ0201-0016,MISSING
DZ0201-0018,MISSING
DZ0201-0020,MISSING
DZ0201-0022,MISSING
DZ0201-0024,MISSING
DZ0201-0026,MISSING
DZ0201-0028,MISSING
DZ0204-0016,MISSING
DZ0204-0018,MISSING
DZ0204-0020,MISSING
DZ0204-0022,MISSING
DZ0204-0024,MISSING
DZ0204-0026,MISSING
DZ0204-0028,MISSING
DZ0301-0014,MISSING
DZ0301-0016,MISSING
DZ0301-0018,MISSING
DZ0301-0020,MISSING
DZ0301-0022,MISSING
DZ0301-0024,MISSING
DZ0301-0026,MISSING
DZ0301-0028,MISSING
DZ0305-0014,MISSING
DZ0305-0016,MISSING
DZ0305-0018,MISSING
DZ0305-0020,MISSING
DZ0305-0022,MISSING
DZ0305-0024,MISSING
DZ0305-0026,MISSING
DZ0305-0028,MISSING
DZ0522-1159R,MISSING
DZ0522-1161L,MISSING
DZ0522-1161R,MISSING
DZ0522-1162L,MISSING
DZ0522-1162R,MISSING
DZ1312-0035,"1312.pdf"
DZ1312-0040,"1312.pdf"
DZ1312-0045,"1312.pdf"
DZ1312-0050,"1312.pdf"
DZ1312-0055,"1312.pdf"
DZ1312-0060,"1312.pdf"
DZ1316-0035,"1316.pdf"
DZ1316-0040,"1316.pdf"
DZ1316-0045,"1316.pdf"
DZ1316-0050,"1316.pdf"
DZ1316-0055,"1316.pdf"
DZ1316-0060,"1316.pdf"
DZ1319-0035-2,"1319-2.pdf"
DZ1319-0040-2,"1319-2.pdf"
DZ1319-0045-2,"1319-2.pdf"
DZ1319-0050-2,"1319-2.pdf"
DZ1319-0055-2,"1319-2.pdf"
DZ1319-0060-2,"1319-2.pdf"
DZ2002-0012-2,"2002-2.pdf"
DZ2002-0014-2,"2002-2.pdf"
DZ2002-0016-2,"2002-2.pdf"
DZ2002-0018-2,"2002-2.pdf"
DZ2002-0020-2,"2002-2.pdf"
DZ2002-0022-2,"2002-2.pdf"
DZ2002-0024-2,"2002-2.pdf"
DZ2002-0026-2,"2002-2.pdf"
DZ2002-0028-2,"2002-2.pdf"
DZ2026-0030,"2026.pdf"
DZ2026-0035,"2026.pdf"
DZ2026-0040,"2026.pdf"
DZ2026-0045,"2026.pdf"
DZ2026-0050,"2026.pdf"
DZ2026-0055,"2026.pdf"
DZ2026-0060,"2026.pdf"
DZ2026-0065,"2026.pdf"
DZ2026-0070,"2026.pdf"
DZ2109-0030-2,"2109-2.pdf"
DZ2109-0035-2,"2109-2.pdf"
DZ2109-0040-2,"2109-2.pdf"
DZ2109-0045-2,"2109-2.pdf"
DZ2109-0050-2,"2109-2.pdf"
DZ2109-0055-2,"2109-2.pdf"
DZ2132-0025,"2132.pdf"
DZ2132-0030,"2132.pdf"
DZ2132-0035,"2132.pdf"
DZ2132-0040,"2132.pdf"
DZ2132-0045,"2132.pdf"
DZ2132-0050,"2132.pdf"
DZ2132-0055,"2132.pdf"
DZ2132-0060,"2132.pdf"
DZ2132-0065,"2132.pdf"
DZ2132-0070,"2132.pdf"
DZ2132-0025DO,"2132DO.pdf"
DZ2132-0030DO,"2132DO.pdf"
DZ2132-0035DO,"2132DO.pdf"
DZ2132-0040DO,"2132DO.pdf"
DZ2132-0045DO,"2132DO.pdf"
DZ2132-0050DO,"2132DO.pdf"
DZ2132-0055DO,"2132DO.pdf"
DZ2132-0060DO,"2132DO.pdf"
DZ2132-0065DO,"2132DO.pdf"
DZ2132-0070DO,"2132DO.pdf"
DZ2415-0025,MISSING
DZ2415-0030,MISSING
DZ2415-0035,MISSING
DZ2415-0040,MISSING
DZ2415-0045,MISSING
DZ2415-0050,MISSING
DZ2415-0055,MISSING
DZ2421-0020,"2421.pdf"
DZ2421-0025,"2421.pdf"
DZ2421-0030,"2421.pdf"
DZ2421-0035,"2421.pdf"
DZ2421-0040,"2421.pdf"
DZ2421-0045,"2421.pdf"
DZ2421-0050,"2421.pdf"
DZ2431-0015,"2431.pdf"
DZ2431-0020,"2431.pdf"
DZ2431-0025,"2431.pdf"
DZ2431-0030,"2431.pdf"
DZ2431-0035,"2431.pdf"
DZ2431-0040,"2431.pdf"
DZ2431-0045,"2431.pdf"
DZ2431-0050,"2431.pdf"
DZ2601-0015,"2601.pdf"
DZ2601-0020,"2601.pdf"
DZ2601-0025,"2601.pdf"
DZ2601-0030,"2601.pdf"
DZ2601-0035,"2601.pdf"
DZ2601-0040,"2601.pdf"
DZ2601-0045,"2601.pdf"
DZ2601-0050,"2601.pdf"
DZ2601-0055,"2601.pdf"
DZ2642-0020,"2642.pdf"
DZ2642-0025,"2642.pdf"
DZ2642-0030,"2642.pdf"
DZ2642-0035,"2642.pdf"
DZ2642-0040,"2642.pdf"
DZ2642-0045,"2642.pdf"
DZ2642-0050,"2642.pdf"
DZ2642-0055,"2642.pdf"
DZ2731-0025CL,MISSING
DZ2731-0030CL,MISSING
DZ2731-0035CL,MISSING
DZ2731-0040CL,MISSING
DZ2731-0045CL,MISSING
DZ2731-0050CL,MISSING
DZ2807-0012,MISSING
DZ2807-0014,MISSING
DZ2807-0016,MISSING
DZ2807-0018,MISSING
DZ2807-0020,MISSING
DZ2807-0022,MISSING
DZ2807-0024,MISSING
DZ2807-0026,MISSING
DZ2807-0028,MISSING
DZ2807-0030,MISSING
DZ2907-0012,"2907.pdf"
DZ2907-0014,"2907.pdf"
DZ2907-0016,"2907.pdf"
DZ2907-0018,"2907.pdf"
DZ2907-0020,"2907.pdf"
DZ2907-0022,"2907.pdf"
DZ2907-0024,"2907.pdf"
DZ2907-0026,"2907.pdf"
DZ2907-0028,"2907.pdf"
DZ2907-0030,"2907.pdf"
DZ3301-0012-2,"3301-2.pdf"
DZ3301-0014-2,"3301-2.pdf"
DZ3301-0016-2,"3301-2.pdf"
DZ3301-0018-2,"3301-2.pdf"
DZ3301-0020-2,"3301-2.pdf"
DZ3301-0022-2,"3301-2.pdf"
DZ3301-0024-2,"3301-2.pdf"
DZ3301-0026-2,"3301-2.pdf"
DZ3301-0028-2,"3301-2.pdf"
DZ3301-6030,"3301-60.pdf"
DZ3301-6035,"3301-60.pdf"
DZ3301-6040,"3301-60.pdf"
DZ3301-6045,"3301-60.pdf"
DZ3301-6050,"3301-60.pdf"
DZ3301-6055,"3301-60.pdf"
DZ3301-6060,"3301-60.pdf"
DZ3301-6065,"3301-60.pdf"
DZ3301-6070,"3301-60.pdf"
DZ3307-0014-2,MISSING
DZ3307-0016-2,MISSING
DZ3307-0018-2,MISSING
DZ3307-0020-2,MISSING
DZ3307-0022-2,MISSING
DZ3307-0024-2,MISSING
DZ3307-0026-2,MISSING
DZ3307-0028-2,MISSING
DZ3308-0014-2,MISSING
DZ3308-0016-2,MISSING
DZ3308-0018-2,MISSING
DZ3308-0020-2,MISSING
DZ3308-0022-2,MISSING
DZ3308-0024-2,MISSING
DZ3308-0026-2,MISSING
DZ3308-0028-2,MISSING
DZ3320-5030,"3320-50.pdf"
DZ3320-5035,"3320-50.pdf"
DZ3320-5040,"3320-50.pdf"
DZ3320-5045,"3320-50.pdf"
DZ3320-5050,"3320-50.pdf"
DZ3320-5055,"3320-50.pdf"
DZ3320-5060,"3320-50.pdf"
DZ3320-5065,"3320-50.pdf"
DZ3320-5070,"3320-50.pdf"
DZ3507-0016,"3507.pdf"
DZ3507-0018,"3507.pdf"
DZ3507-0020,"3507.pdf"
DZ3507-0022,"3507.pdf"
DZ3507-0024,"3507.pdf"
DZ3507-0026,"3507.pdf"
DZ3507-0028,"3507.pdf"
DZ3507-0030,"3507.pdf"
DZ3607-0014-2,MISSING
DZ3607-0016-2,MISSING
DZ3607-0018-2,MISSING
DZ3607-0020-2,MISSING
DZ3607-0022-2,MISSING
DZ3607-0024-2,MISSING
DZ3607-0026-2,MISSING
DZ3607-0028-2,MISSING
DZ3630-0030,"3630.pdf"
DZ3630-0035,"3630.pdf"
DZ3630-0040,"3630.pdf"
DZ3630-0045,"3630.pdf"
DZ3630-0050,"3630.pdf"
DZ3630-0055,"3630.pdf"
DZ3630-0060,"3630.pdf"
DZ3630-0070,"3630.pdf"
DZ3657-0014-2,MISSING
DZ3657-0016-2,MISSING
DZ3657-0018-2,MISSING
DZ3657-0020-2,MISSING
DZ3657-0022-2,MISSING
DZ3657-0024-2,MISSING
DZ3657-0026-2,MISSING
DZ3657-0028-2,MISSING
DZ3732-0030,"3732.pdf"
DZ3732-0035,"3732.pdf"
DZ3732-0040,"3732.pdf"
DZ3732-0045,"3732.pdf"
DZ3732-0050,"3732.pdf"
DZ3732-0055,"3732.pdf"
DZ3732-0060,"3732.pdf"
DZ3732-0065,"3732.pdf"
DZ3832-0015,"3832.pdf"
DZ3832-0020,"3832.pdf"
DZ3832-0025,"3832.pdf"
DZ3832-0030,"3832.pdf"
DZ3832-0035,"3832.pdf"
DZ3832-0040,"3832.pdf"
DZ3832-0045,"3832.pdf"
DZ3832-0050,"3832.pdf"
DZ3832-0055,"3832.pdf"
DZ3832-0060,"3832.pdf"
DZ3832-0065,"3832.pdf"
DZ3832-0070,"3832.pdf"
DZ3832-0030HDSC,"3832HDSC.pdf"
DZ3832-0035HDSC,"3832HDSC.pdf"
DZ3832-0040HDSC,"3832HDSC.pdf"
DZ3832-0045HDSC,"3832HDSC.pdf"
DZ3832-0050HDSC,"3832HDSC.pdf"
DZ3832-0055HDSC,"3832HDSC.pdf"
DZ3832-0060HDSC,"3832HDSC.pdf"
DZ3832-0065HDSC,"3832HDSC.pdf"
DZ3832-0030SC,"3832SC.pdf"
DZ3832-0035SC,"3832SC.pdf"
DZ3832-0040SC,"3832SC.pdf"
DZ3832-0045SC,"3832SC.pdf"
DZ3832-0050SC,"3832SC.pdf"
DZ3832-0055SC,"3832SC.pdf"
DZ3832-0060SC,"3832SC.pdf"
DZ3832-0065SC,"3832SC.pdf"
DZ3832-0025DO,"3832DO.pdf"
DZ3832-0030DO,"3832DO.pdf"
DZ3832-0035DO,"3832DO.pdf"
DZ3832-0040DO,"3832DO.pdf"
DZ3832-0045DO,"3832DO.pdf"
DZ3832-0050DO,"3832DO.pdf"
DZ3832-0055DO,"3832DO.pdf"
DZ3832-0060DO,"3832DO.pdf"
DZ3832-0065DO,"3832DO.pdf"
DZ3832-0070DO,"3832DO.pdf"
DZ3832-0035EC-B,"3832EC-B.pdf"
DZ3832-0040EC-B,"3832EC-B.pdf"
DZ3832-0045EC-B,"3832EC-B.pdf"
DZ3832-0050EC-B,"3832EC-B.pdf"
DZ3832-0055EC-B,"3832EC-B.pdf"
DZ3832-0060EC-B,"3832EC-B.pdf"
DZ3832-0065EC-B,"3832EC-B.pdf"
DZ3832-0070EC-B,"3832EC-B.pdf"
DZ3832-0030HDTR,"3832HDTR.pdf"
DZ3832-0035HDTR,"3832HDTR.pdf"
DZ3832-0040HDTR,"3832HDTR.pdf"
DZ3832-0045HDTR,"3832HDTR.pdf"
DZ3832-0050HDTR,"3832HDTR.pdf"
DZ3832-0055HDTR,"3832HDTR.pdf"
DZ3832-0060HDTR,"3832HDTR.pdf"
DZ3832-0065HDTR,"3832HDTR.pdf"
DZ3832-0070HDTR,"3832HDTR.pdf"
DZ3832-0030TR,"3832TR.pdf"
DZ3832-0035TR,"3832TR.pdf"
DZ3832-0040TR,"3832TR.pdf"
DZ3832-0045TR,"3832TR.pdf"
DZ3832-0050TR,"3832TR.pdf"
DZ3832-0055TR,"3832TR.pdf"
DZ3832-0060TR,"3832TR.pdf"
DZ3832-0065TR,"3832TR.pdf"
DZ3832-0070TR,"3832TR.pdf"
DZ5321-0030,"5321.pdf"
DZ5321-0035,"5321.pdf"
DZ5321-0040,"5321.pdf"
DZ5321-0045,"5321.pdf"
DZ5321-0050,"5321.pdf"
DZ5321-0055,"5321.pdf"
DZ5321-0060,"5321.pdf"
DZ5321-0070-A,"5321.pdf"
DZ5321-0080-A,"5321.pdf"
DZ5321-0090-A,"5321.pdf"
DZ5321-0100-A,"5321.pdf"
DZ5321-0110-A,"5321.pdf"
DZ5321-0030SC,"5321SC.pdf"
DZ5321-0035SC,"5321SC.pdf"
DZ5321-0040SC,"5321SC.pdf"
DZ5321-0045SC,"5321SC.pdf"
DZ5321-0050SC,"5321SC.pdf"
DZ5321-0055SC,"5321SC.pdf"
DZ5321-0060SC,"5321SC.pdf"
DZ5321-0070SC,"5321SC.pdf"
DZ5321-0080SC,"5321SC.pdf"
DZ5321-0040EC,"5321EC.pdf"
DZ5321-0045EC,"5321EC.pdf"
DZ5321-0050EC,"5321EC.pdf"
DZ5321-0055EC,"5321EC.pdf"
DZ5321-0060EC,"5321EC.pdf"
DZ5321-0070EC,"5321EC.pdf"
DZ5321-0080EC,"5321EC.pdf"
DZ5321-0090EC,"5321EC.pdf"
DZ5321-0100EC,"5321EC.pdf"
DZ5321-0110EC,"5321EC.pdf"
DZ5321-6030,"5321.pdf"
DZ5321-6035,"5321.pdf"
DZ5321-6040,"5321.pdf"
DZ5321-6045,"5321.pdf"
DZ5321-6050,"5321.pdf"
DZ5321-6055,"5321.pdf"
DZ5321-6060,"5321.pdf"
DZ5321-6070,"5321.pdf"
DZ5321-6080,"5321.pdf"
DZ5343-0035-1,"5343-1.pdf"
DZ5343-0040-1,"5343-1.pdf"
DZ5343-0045-1,"5343-1.pdf"
DZ5343-0050-1,"5343-1.pdf"
DZ5343-0055-1,"5343-1.pdf"
DZ5343-0060-1,"5343-1.pdf"
DZ5343-0065-1,"5343-1.pdf"
DZ5343-0070-1,"5343-1.pdf"
DZ5344-0035U,"5344-U.pdf"
DZ5344-0040U,"5344-U.pdf"
DZ5344-0045U,"5344-U.pdf"
DZ5344-0050U,"5344-U.pdf"
DZ5344-0055U,"5344-U.pdf"
DZ5344-0060U,"5344-U.pdf"
DZ5344-0065U,"5344-U.pdf"
DZ5344-0070U,"5344-U.pdf"
DZ5417-0030,"5417.pdf"
DZ5417-0035,"5417.pdf"
DZ5417-0040,"5417.pdf"
DZ5417-0045,"5417.pdf"
DZ5417-0050,"5417.pdf"
DZ5417-0055,"5417.pdf"
DZ5417-0060,"5417.pdf"
DZ5417-0065,"5417.pdf"
DZ5417-0070,"5417.pdf"
DZ5417-0040EC,"5417EC.pdf"
DZ5417-0045EC,"5417EC.pdf"
DZ5417-0050EC,"5417EC.pdf"
DZ5417-0055EC,"5417EC.pdf"
DZ5417-0060EC,"5417EC.pdf"
DZ5417-0070EC,"5417EC.pdf"
DZ5517-5035,"5517-50.pdf"
DZ5517-5040,"5517-50.pdf"
DZ5517-5045,"5517-50.pdf"
DZ5517-5050,"5517-50.pdf"
DZ5517-5055,"5517-50.pdf"
DZ5517-5060,"5517-50.pdf"
DZ5517-5070,"5517-50.pdf"
DZ5517-6030,"5517-60.pdf"
DZ5517-6035,"5517-60.pdf"
DZ5517-6040,"5517-60.pdf"
DZ5517-6045,"5517-60.pdf"
DZ5517-6050,"5517-60.pdf"
DZ5517-6055,"5517-60.pdf"
DZ5517-6060,"5517-60.pdf"
DZ5517-6065,"5517-60.pdf"
DZ5517-6070,"5517-60.pdf"
DZ6026-0030,"6026.pdf"
DZ6026-0035,"6026.pdf"
DZ6026-0040,"6026.pdf"
DZ6026-0045,"6026.pdf"
DZ6026-0050,"6026.pdf"
DZ6026-0055,"6026.pdf"
DZ7400-5030-2,"7400-50.pdf"
DZ7400-5035-2,"7400-50.pdf"
DZ7400-5040-2,"7400-50.pdf"
DZ7400-5045-2,"7400-50.pdf"
DZ7400-5050SC-2,"7400-50SC.pdf"
DZ7400-5055SC-2,"7400-50SC.pdf"
DZ7400-5060SC-2,"7400-50SC.pdf"
DZ7400-5065SC-2,"7400-50SC.pdf"
DZ7400-5070SC-2,"7400-50SC.pdf"
DZ7957-0012-2,"7957-2.pdf"
DZ7957-0014-2,"7957-2.pdf"
DZ7957-0016-2,"7957-2.pdf"
DZ7957-0018-2,"7957-2.pdf"
DZ7957-0020-2,"7957-2.pdf"
DZ7957-0022-2,"7957-2.pdf"
DZ7957-0024-2,"7957-2.pdf"
DZ7957-0026-2,"7957-2.pdf"
DZ7957-0028-2,"7957-2.pdf"
DZ7957-0030-2,"7957-2.pdf"
DZ7957-0032-2,"7957-2.pdf"
DZ7957-0034-2,"7957-2.pdf"
DZ7957-0036-2,"7957-2.pdf"
DZ9301-0010U-E,"9301U-E.pdf"
DZ9301-0012U-E,"9301U-E.pdf"
DZ9301-0014U-E,"9301U-E.pdf"
DZ9301-0016U-E,"9301U-E.pdf"
DZ9301-0018U-E,"9301U-E.pdf"
DZ9301-0020U-E,"9301U-E.pdf"
DZ9301-0022U-E,"9301U-E.pdf"
DZ9301-0024U-E,"9301U-E.pdf"
DZ9301-0026U-E,"9301U-E.pdf"
DZ9301-0028U-E,"9301U-E.pdf"
DZ9301-0030U-E,"9301U-E.pdf"
DZ9301-0032U-E,"9301U-E.pdf"
DZ9301-0034U-E,"9301U-E.pdf"
DZ9301-0036U-E,"9301U-E.pdf"
DZ9301-0040U-E,"9301U-E.pdf"
DZ9301-0042U-E,"9301U-E.pdf"
DZ9301-0044U-E,"9301U-E.pdf"
DZ9301-0048U-E,"9301U-E.pdf"
DZ9301-0054U-E,"9301U-E.pdf"
DZ9301-0060U-E,"9301U-E.pdf"
DZ9308-0010L,"9308.pdf"
DZ9308-0010R,"9308.pdf"
DZ9308-0012L,"9308.pdf"
DZ9308-0012R,"9308.pdf"
DZ9308-0014L,"9308.pdf"
DZ9308-0014R,"9308.pdf"
DZ9308-0016L,"9308.pdf"
DZ9308-0016R,"9308.pdf"
DZ9308-0018L,"9308.pdf"
DZ9308-0018R,"9308.pdf"
DZ9308-0020L,"9308.pdf"
DZ9308-0020R,"9308.pdf"
DZ9308-0022L,"9308.pdf"
DZ9308-0022R,"9308.pdf"
DZ9308-0024L,"9308.pdf"
DZ9308-0024R,"9308.pdf"
DZ9308-0026L,"9308.pdf"
DZ9308-0026R,"9308.pdf"
DZ9308-0028L,"9308.pdf"
DZ9308-0028R,"9308.pdf"
DZ9308-0030L,"9308.pdf"
DZ9308-0030R,"9308.pdf"
DZ9308-0032L,"9308.pdf"
DZ9308-0032R,"9308.pdf"
DZ9308-0034L,"9308.pdf"
DZ9308-0034R,"9308.pdf"
DZ9308-0036L,"9308.pdf"
DZ9308-0036R,"9308.pdf"
DZ9308-0040L,"9308.pdf"
DZ9308-0040R,"9308.pdf"
DZ9308-0042L,"9308.pdf"
DZ9308-0042R,"9308.pdf"
DZ9308-0044L-E,"9308.pdf"
DZ9308-0044R-E,"9308.pdf"
DZ9308-0048L,"9308.pdf"
DZ9308-0048R,"9308.pdf"
DZ9308-0054L,"9308.pdf"
DZ9308-0054R,"9308.pdf"
DZ9308-0060L,"9308.pdf"
DZ9308-0060R,"9308.pdf"
DZ0115-BRKT10RC,"0115-BRKT.pdf"
DZ0115-BRKT15RC,"0115-BRKT.pdf"
DZ0115-BRKT20RC,"0115-BRKT.pdf"
DW63345-2,MISSING
DA0116RC,DA0116RC.pdf
DA0116-240RC,DA0116RC.pdf
DA0116-ECAPRC-2,DA0116RC.pdf
DA0116-STOPRC,DA0116RC.pdf
DZ63355-2,MISSING
DZ63416,MISSING
DZ63460-4,"63460-4.pdf"
DZ63480-4,"63480-4.pdf"
DZ63485-4,"63485-4.pdf"
DSHAN3-0100-2,DSHAN3-2.pdf
DSHAN3-0150-2,DSHAN3-2.pdf
DB65050-1,"5343-1.pdf"
DBHAND-2,HAND.pdf
DBHANL-2,HANL.pdf
DBLIFT-0019,LIFT-0019.pdf
DP0115-ECRC-2,DP0115-ECRC-2.pdf
DS0116-BRKT01RC,DS0116RC.pdf
DS0116-BRKTRC,DS0116RC.pdf
DS0116-CASSRC,DS0116RC.pdf
DYHAN4-5,DYHAN4-5.pdf
DZ61040,"61040.pdf"
DZ61050,"61050.pdf"
DZ63374-4,"63374-4.pdf"
DZ63450-4,"63450-4.pdf"
"81020590","81020590.pdf"
"81020690-A","81020690.pdf"
"81020790-A","81020790.pdf"
"81020890-A","81020890.pdf"
DA0116-FASCRC,DA0116RC.pdf
DA0116-SUPPRC,DA0116RC.pdf
CBERGO-TRAY200,CBERGO-TRAY200.pdf
CBERGO-TRAY300,CBERGO-TRAY300.pdf
EGCPUH-005BK,EGCPUH-005.pdf
EGCPUH-004BK,EGCPUH-004.pdf
EGCPUH-201BK,EGCPUH-201.pdf
EGTRAY-201BK,EGTRAY-201.pdf
DZ3357-0014-2,MISSING
DZ3357-0016-2,MISSING
DZ3357-0018-2,MISSING
DZ3357-0020-2,MISSING
DZ3357-0022-2,MISSING
DZ3357-0024-2,MISSING
DZ3357-0026-2,MISSING
DZ3357-0028-2,MISSING
DZ3357-0030-2,MISSING
DA4165-0050-A,MISSING
DA4165-0060-A,MISSING
DA4165-0070-A,MISSING
DA4165-0080-A,MISSING
DA4165-0090-A,MISSING
DA4165-0100-A,MISSING
DZ9308-0010L-E4,"9308.pdf"
DZ9308-0010R-E4,"9308.pdf"
DZ9308-0012L-E4,"9308.pdf"
DZ9308-0012R-E4,"9308.pdf"
DZ9308-0014L-E4,"9308.pdf"
DZ9308-0014R-E4,"9308.pdf"
DZ9308-0016L-E4,"9308.pdf"
DZ9308-0016R-E4,"9308.pdf"
DZ9308-0018L-E4,"9308.pdf"
DZ9308-0018R-E4,"9308.pdf"
DZ9308-0020L-E4,"9308.pdf"
DZ9308-0020R-E4,"9308.pdf"
DZ9308-0022L-E4,"9308.pdf"
DZ9308-0022R-E4,"9308.pdf"
DZ9308-0024L-E4,"9308.pdf"
DZ9308-0024R-E4,"9308.pdf"
DZ9308-0026L-E4,"9308.pdf"
DZ9308-0026R-E4,"9308.pdf"
DZ9308-0028L-E4,"9308.pdf"
DZ9308-0028R-E4,"9308.pdf"
DZ9308-0030L-E4,"9308.pdf"
DZ9308-0030R-E4,"9308.pdf"
DZ9308-0032L-E4,"9308.pdf"
DZ9308-0032R-E4,"9308.pdf"
DZ9308-0034L-E4,"9308.pdf"
DZ9308-0034R-E4,"9308.pdf"
DZ9308-0036L-E4,"9308.pdf"
DZ9308-0036R-E4,"9308.pdf"
DZ9308-0040L-E4,"9308.pdf"
DZ9308-0040R-E4,"9308.pdf"
DZ9308-0042L-E4,"9308.pdf"
DZ9308-0042R-E4,"9308.pdf"
DZ9308-0044L-E4,"9308.pdf"
DZ9308-0044R-E4,"9308.pdf"
DZ9308-0048L-E4,"9308.pdf"
DZ9308-0048R-E4,"9308.pdf"
DZ9308-0054L-E4,"9308.pdf"
DZ9308-0054R-E4,"9308.pdf"
DZ9308-0060L-E4,"9308.pdf"
DZ9308-0060R-E4,"9308.pdf"
DB3832-0030TR,"3832TR.pdf"
DA0116-0360RC,DA0116RC.pdf
DA0116-0240RC,DA0116RC.pdf
DZ3135-EC,"3135EC.pdf"
DZ3135-0030EC,"3135EC.pdf"
DZ3135-0035EC,"3135EC.pdf"
DZ3135-0040EC,"3135EC.pdf"
DZ3135-0045EC,"3135EC.pdf"
DZ3135-0050EC,"3135EC.pdf"
DZ3135-0055EC,"3135EC.pdf"
DZHAN3-0100-2,DSHAN3-2.pdf
DZHAN3-0150-2,DSHAN3-2.pdf
DZ3932EC,"3932EC.pdf"
DZ3932-0030EC,"3932EC.pdf"
DZ3932-0035EC,"3932EC.pdf"
DZ3932-0040EC,"3932EC.pdf"
DZ3932-0045EC,"3932EC.pdf"
DZ3932-0050EC,"3932EC.pdf"
DZ3932-0055EC,"3932EC.pdf"
DZ3932-0060EC,"3932EC.pdf"
DZ3932-0065EC,"3932EC.pdf"
DZ3932-0070EC,"3932EC.pdf"
DZ3932,"3932.pdf"
DZ3932-0025,"3932.pdf"
DZ3932-0030,"3932.pdf"
DZ3932-0035,"3932.pdf"
DZ3932-0040,"3932.pdf"
DZ3932-0045,"3932.pdf"
DZ3932-0050,"3932.pdf"
DZ3932-0055,"3932.pdf"
DZ3932-0060,"3932.pdf"
DZ3932-0065,"3932.pdf"
DZ3932-0070,"3932.pdf"
DS5334,DS5334.pdf
DS5334-0030,DS5334.pdf
DS5334-0035,DS5334.pdf
DS5334-0040,DS5334.pdf
DS5334-0045,DS5334.pdf
DS5334-0050,DS5334.pdf
DS5334-0055,DS5334.pdf
DS5334-0060,DS5334.pdf
DS5334-0070,DS5334.pdf
DS5334-0080,DS5334.pdf
DZ2720,"2720.pdf"
DZ2720-0020,"2720.pdf"
DZ2720-0025,"2720.pdf"
DZ2720-0030,"2720.pdf"
DZ2720-0035,"2720.pdf"
DZ2720-0040,"2720.pdf"
DZ2720-0045,"2720.pdf"
DZ2720-0050,"2720.pdf"
DZ2730,"2730.pdf"
DZ2730-0020,"2730.pdf"
DZ2730-0025,"2730.pdf"
DZ2730-0030,"2730.pdf"
DZ2730-0035,"2730.pdf"
DZ2730-0040,"2730.pdf"
DZ2730-0045,"2730.pdf"
DZ2730-0050,"2730.pdf"
DZ2730-0055,"2730.pdf"
DZ2730-0060,"2730.pdf"
DZ4180-080-035-U,"4180.pdf"
DZ4180-080-035-0050U,"4180.pdf"
DZ4180-080-035-0055U,"4180.pdf"
DZ4180-080-035-0060U,"4180.pdf"
DZ4180-080-035-0065U,"4180.pdf"
DZ4180-080-035-0070U,"4180.pdf"
DZ4180-080-035-0075U,"4180.pdf"
DZ4180-080-035-0080U,"4180.pdf"
DZ4180-080-035-0085U,"4180.pdf"
DZ4180-080-035-0090U,"4180.pdf"
DZ4180-080-035-0095U,"4180.pdf"
DZ4180-080-035-0100U,"4180.pdf"
DZ4180-080-035-0105U,"4180.pdf"
DZ4180-080-035-0110U,"4180.pdf"
DZ4180-080-035-0115U,"4180.pdf"
DZ4180-080-035-0120U,"4180.pdf"
DZ4180-080-035-0125U,"4180.pdf"
DZ4180-080-035-0130U,"4180.pdf"
DZ4180-080-035-0135U,"4180.pdf"
DZ4180-080-035-0140U,"4180.pdf"
DZ4180-080-035-0145U,"4180.pdf"
DZ4180-080-035-0150U,"4180.pdf"
DZ4180-080-035-0155U,"4180.pdf"
DZ4180-080-035-0160U,"4180.pdf"
DZ4180-080-035-0165U,"4180.pdf"
DZ4180-080-035-0170U,"4180.pdf"
DZ4180-080-035-0175U,"4180.pdf"
DZ4180-080-035-0180U,"4180.pdf"
DZ4180-080-035-0185U,"4180.pdf"
DZ4180-080-035-0190U,"4180.pdf"
DZ4180-080-035-0195U,"4180.pdf"
DZ4180-080-035-0200U,"4180.pdf"
DA0118RC,"0118RC.pdf"
DA0118-0240RC,"0118RC.pdf"
DA0118-0240RCH,"0118RC.pdf"
DA0118-STOPRC,"0118RC.pdf"
DP0118-ECRC,"0118RC.pdf"
DP0118-CASSRC,"0118RC.pdf"
DS0118-BRKTRC,"0118RC.pdf"
DS0118-CASSRC,"0118RC.pdf"
DS0118-SMBRKTRC,"0118RC.pdf"
DA1532-0065-2,"81020690.pdf"
DA1532-0070-2,"81020690.pdf"
DA1532-0080-2,"81020690.pdf"
DA1532-0085-2,"81020690.pdf"
DA1532-0090-2,"81020690.pdf"
DA1532-0100-2,"81020690.pdf"
DA1532-0065U,"81020690.pdf"
DA1532-0070U,"81020690.pdf"
DA1532-0075U,"81020690.pdf"
DA1532-0080U,"81020690.pdf"
DA1532-0085U,"81020690.pdf"
DA1532-0090U,"81020690.pdf"
DA1532-0100U,"81020690.pdf"
DS1532-BRKT,"81020690.pdf"
"40202610","81020690.pdf"
"40202710","81020690.pdf"
"40202810","81020690.pdf"
DA1532-0065-P1-SI,"1532.pdf"
DA1532-0065-P1-PO,"1532.pdf"
DA1532-0065-P1-TI,"1532.pdf"
DA1532-0065-P2-SI,"1532.pdf"
DA1532-0065-P2-PO,"1532.pdf"
DA1532-0065-P2-TI,"1532.pdf"
DA1532-0065-P3-SI,"1532.pdf"
DA1532-0065-P3-PO,"1532.pdf"
DA1532-0065-P3-TI,"1532.pdf"
DA1532-0065-P4-SI,"1532.pdf"
DA1532-0065-P4-PO,"1532.pdf"
DA1532-0065-P4-TI,"1532.pdf"
DA1532-0070-P1-SI,"1532.pdf"
DA1532-0070-P1-PO,"1532.pdf"
DA1532-0070-P1-TI,"1532.pdf"
DA1532-0070-P2-SI,"1532.pdf"
DA1532-0070-P2-PO,"1532.pdf"
DA1532-0070-P2-TI,"1532.pdf"
DA1532-0070-P3-SI,"1532.pdf"
DA1532-0070-P3-PO,"1532.pdf"
DA1532-0070-P3-TI,"1532.pdf"
DA1532-0070-P4-SI,"1532.pdf"
DA1532-0070-P4-PO,"1532.pdf"
DA1532-0070-P4-TI,"1532.pdf"
DA1532-0075-P1-SI,"1532.pdf"
DA1532-0075-P1-PO,"1532.pdf"
DA1532-0075-P1-TI,"1532.pdf"
DA1532-0075-P2-SI,"1532.pdf"
DA1532-0075-P2-PO,"1532.pdf"
DA1532-0075-P2-TI,"1532.pdf"
DA1532-0075-P3-SI,"1532.pdf"
DA1532-0075-P3-PO,"1532.pdf"
DA1532-0075-P3-TI,"1532.pdf"
DA1532-0075-P4-SI,"1532.pdf"
DA1532-0075-P4-PO,"1532.pdf"
DA1532-0075-P4-TI,"1532.pdf"
DA1532-0080-P1-SI,"1532.pdf"
DA1532-0080-P1-PO,"1532.pdf"
DA1532-0080-P1-TI,"1532.pdf"
DA1532-0080-P2-SI,"1532.pdf"
DA1532-0080-P2-PO,"1532.pdf"
DA1532-0080-P2-TI,"1532.pdf"
DA1532-0080-P3-SI,"1532.pdf"
DA1532-0080-P3-PO,"1532.pdf"
DA1532-0080-P3-TI,"1532.pdf"
DA1532-0080-P4-SI,"1532.pdf"
DA1532-0080-P4-PO,"1532.pdf"
DA1532-0080-P4-TI,"1532.pdf"
DA1532-0085-P1-SI,"1532.pdf"
DA1532-0085-P1-PO,"1532.pdf"
DA1532-0085-P1-TI,"1532.pdf"
DA1532-0085-P2-SI,"1532.pdf"
DA1532-0085-P2-PO,"1532.pdf"
DA1532-0085-P2-TI,"1532.pdf"
DA1532-0085-P3-SI,"1532.pdf"
DA1532-0085-P3-PO,"1532.pdf"
DA1532-0085-P3-TI,"1532.pdf"
DA1532-0085-P4-SI,"1532.pdf"
DA1532-0085-P4-PO,"1532.pdf"
DA1532-0085-P4-TI,"1532.pdf"
DA1532-0090-P1-SI,"1532.pdf"
DA1532-0090-P1-PO,"1532.pdf"
DA1532-0090-P1-TI,"1532.pdf"
DA1532-0090-P2-SI,"1532.pdf"
DA1532-0090-P2-PO,"1532.pdf"
DA1532-0090-P2-TI,"1532.pdf"
DA1532-0090-P3-SI,"1532.pdf"
DA1532-0090-P3-PO,"1532.pdf"
DA1532-0090-P3-TI,"1532.pdf"
DA1532-0090-P4-SI,"1532.pdf"
DA1532-0090-P4-PO,"1532.pdf"
DA1532-0090-P4-TI,"1532.pdf"
DA1532-0100-P1-SI,"1532.pdf"
DA1532-0100-P1-PO,"1532.pdf"
DA1532-0100-P1-TI,"1532.pdf"
DA1532-0100-P2-SI,"1532.pdf"
DA1532-0100-P2-PO,"1532.pdf"
DA1532-0100-P2-TI,"1532.pdf"
DA1532-0100-P3-SI,"1532.pdf"
DA1532-0100-P3-PO,"1532.pdf"
DA1532-0100-P3-TI,"1532.pdf"
DA1532-0100-P4-SI,"1532.pdf"
DA1532-0100-P4-PO,"1532.pdf"
DA1532-0100-P4-TI,"1532.pdf"
DA1532-0075-2,"81020690.pdf"
DS5321-0040EC,"5321EC.pdf"
DS5321-0045EC,"5321EC.pdf"
DS5321-0050EC,"5321EC.pdf"
DS5321-0055EC,"5321EC.pdf"
DS5321-0060EC,"5321EC.pdf"
DS5321-0070EC,"5321EC.pdf"
DS5321-0080EC,"5321EC.pdf"
DS5334-0040EC,DS5334.pdf
DS5334-0045EC,DS5334.pdf
DS5334-0050EC,DS5334.pdf
DS5334-0055EC,DS5334.pdf
DS5334-0060EC,DS5334.pdf
DS5334-0070EC,DS5334.pdf
DS5334-0080EC,DS5334.pdf
DRHAND-2,DRHAND
DS2330-0015DL,DS2330DL.pdf
DS2330-0020DL,DS2330DL.pdf
DS2330-0025DL,DS2330DL.pdf
DS2330-0030DL,DS2330DL.pdf
DS2330-0035DL,DS2330DL.pdf
DS2330-0040DL,DS2330DL.pdf
DRHANL-2,DRHANL.pdf
LA1815-0020,LA1815.pdf
LA1815-0025,LA1815.pdf
LA1815-0030,LA1815.pdf
LA1815-0035,LA1815.pdf
LA1815-0040,LA1815.pdf
LA1815-0045,LA1815.pdf
LA1815-0050,LA1815.pdf
LA1815-0055,LA1815.pdf
LA1815-0060,LA1815.pdf
DZ3832-EC-D,DZ3832-EC-D.pdf
DZ3832-0035EC-D,DZ3832-EC-D.pdf
DZ3832-0040EC-D,DZ3832-EC-D.pdf
DZ3832-0045EC-D,DZ3832-EC-D.pdf
DZ3832-0050EC-D,DZ3832-EC-D.pdf
DZ3832-0055EC-D,DZ3832-EC-D.pdf
DZ3832-0060EC-D,DZ3832-EC-D.pdf
DZ3832-0065EC-D,DZ3832-EC-D.pdf
DZ3832-0070EC-D,DZ3832-EC-D.pdf
